compound label,p value,adjusted p value,FC: POST/PRE
X1_CE..22.1..iSTD,0.128307826321408,0.474564820182398,1.07561830188632
X1_Ceramide.C17.iSTD,0.783436916859909,0.919023699669725,1.0096434593083
X1_Cholesterol.d7.iSTD,0.187913961669758,0.544760676759805,1.03292817679558
X1_CUDA..pos..iSTD,0.379242927765904,0.696222091271735,0.985934530095037
X1_DG..12.0.12.0.0.0..iSTD,0.173030465932841,0.524716424804125,0.975524844392868
X1_DG..18.1.2.0.0.0..iSTD,0.250448267608205,0.600657265767867,0.987506656879255
X1_LPC..17.0..iSTD,0.196957803944712,0.551836127273999,1.01145292468869
X1_LPE..17.1..iSTD,0.332638577149838,0.666050732386071,0.945968049724661
X1_MG..17.0.0.0.0.0..iSTD,0.760184798208743,0.907766598076718,0.994983536275442
X1_PC..25.0..iSTD,0.453610287001151,0.753423235510908,0.974986972381449
X1_PE..17.0.17.0..iSTD,0.203628294452631,0.553072433828755,0.9633970576238
X1_SM..d35.1..iSTD,0.0712507039212269,0.409360697780074,0.956043018094913
X1_Sphingosine..d17.1..iSTD,0.29837919151849,0.645089122086909,1.02996644683559
X1_TG..17.0.17.1.17.0..iSTD,0.413586134348384,0.733691572865965,0.981340529569149
Acylcarnitine.C10.0.,0.867753418826286,0.957418668258033,0.967741935483871
Acylcarnitine.C10.1.,0.421541686990762,0.737697952233833,0.897196261682243
Acylcarnitine.C12.0.,0.540247872590674,0.804313931081589,1.38163103721299
Acylcarnitine.C16.0.,0.135774294804916,0.479105196012428,0.930530973451327
Acylcarnitine.C18.1.,0.568549541380608,0.826137606421302,1.04919499105546
Acylcarnitine.C18.2.,0.664925930671859,0.869545654489168,1.05836876691148
CE..16.1..,0.309366632638207,0.645089122086909,0.887863733144074
CE..18.1..,0.336589772419763,0.667750677542434,0.91071807569862
CE..18.2..,0.417403587152421,0.733691572865965,0.927486395035755
CE..18.3..,0.0300526959160949,0.376511759881422,0.791737482023794
CE..20.4..,0.275533943870293,0.622663321974599,0.916669972364367
CE..20.5..,0.887081337218613,0.964309105565824,0.963925405074901
CE..22.6..,0.602660777452657,0.850640867847111,0.890848952590959
Ceramide..d18.1.23.0..,0.00964906337951488,0.347802034570957,0.815510597302505
Ceramide..d40.1..,0.13380295686262,0.479105196012428,0.888850475367329
Ceramide..d42.1..,0.00486403508531985,0.327779441396848,0.85698413678168
Ceramide..d42.2..,0.915394163830931,0.970054653431727,0.891994177583697
Cholesterol.,0.207110180021748,0.557442715742447,0.998685841434822
DG..36.2..,0.655203118175032,0.868058394118808,0.930356193514088
DG..36.3..,0.719638641044402,0.901686609666799,0.99496475327291
DG..36.4..,0.975218734929855,0.994861766320622,0.901628222523745
Gal.Gal.Cer.d18.1.16.0..or.Lactosylceramide.d18.1.16.0..,0.807657866035311,0.927838920203681,0.956501619620546
GlcCer..d40.1..,0.23796750856855,0.587077435179144,0.972781709308655
GlcCer..d42.1..,0.0766716832634566,0.409360697780074,0.935348631950574
GlcCer..d42.2..,0.0977074179415992,0.429214728814882,0.736682808716707
LPC..14.0..,0.826675493409982,0.941135827392636,1.03211351755041
LPC..15.0..,0.29475130524687,0.645089122086909,1.02930127723516
LPC..16.0..,0.0102420706558893,0.347802034570957,0.823595800729697
LPC..16.1..,0.173544205377672,0.524716424804125,0.87352873297946
LPC..18.0..,0.0837000021157956,0.409360697780074,0.852846880837105
LPC..18.1..,0.447060968010214,0.748870609838121,0.957666087616601
LPC..18.2..,0.0850198250280288,0.409360697780074,0.927275289806561
LPC..18.3..,0.0798774046939708,0.409360697780074,0.765235824059353
LPC..20.0..,0.263401975893279,0.612808957255955,1.15255423372988
LPC..20.2..,0.225153137166405,0.56873759076477,0.463576158940397
LPC..20.3..,0.150515911949385,0.492753612883729,0.797111416781293
LPC..20.4..,0.0748642388043585,0.409360697780074,0.858075553383144
LPC..20.5..,0.887640839991035,0.964309105565824,1.10041152263374
LPC..22.5..,0.239313262077163,0.587824895584424,0.987812700449006
LPC..22.6..,0.758730092903868,0.907314736097542,0.886757425742574
LPC..o.16.0..,0.368567812677519,0.686876378171741,0.916877850988343
LPC..p.16.0..or.LPC..o.16.1..,0.0257623294563474,0.376511759881422,0.847737909516381
PC..28.0..,0.638081055303505,0.868058394118808,0.840681362725451
PC..30.0..,0.343420454207333,0.672011388801168,0.857871803692237
PC..31.0..,0.27088298409329,0.620293216234901,0.784188911704312
PC..32.0..,0.0108785194103827,0.347802034570957,0.812865968575834
PC..32.1..,0.0879961893025195,0.409360697780074,0.74928364977326
PC..32.2..,0.433530771466503,0.747084621692469,1.39085176658993
PC..33.0..,0.297027407875542,0.645089122086909,0.783994162004379
PC..33.1..,0.310931458381031,0.645089122086909,0.772596351666438
PC..33.2..,0.517369995134782,0.792711065340379,0.924498990212832
PC..34.0..,0.0637733075084162,0.400409991831297,0.790307811509474
PC..34.1..,0.0220340538989563,0.376511759881422,0.876419379385922
PC..34.2..,0.134986516834514,0.479105196012428,0.98997473306708
PC..34.3..A,0.078131056411178,0.409360697780074,0.799156963687247
PC..34.3..B,0.20294653278042,0.553072433828755,0.81075226467113
PC..34.4..,0.538482394588286,0.804313931081589,1.27481431465226
PC..35.1..,0.305538620452769,0.645089122086909,0.857204301075269
PC..35.2..,0.449795879583875,0.750531496747513,0.946004548098789
PC..35.3..,0.838481762048163,0.945650698017071,0.91028066049793
PC..35.4..,0.831515182922846,0.943260306319592,0.937155064981307
PC..36.1..,0.111089801294758,0.438753756489846,0.790124987762295
PC..36.2..,0.12164955161938,0.461410854380116,0.917925697182446
PC..36.3..A.,0.275198808799772,0.622663321974599,1.23431799522621
PC..36.4..A.,0.242259742339288,0.590894159076848,0.795111541139555
PC..36.4..B.,0.0353356272727552,0.376511759881422,0.888890236558462
PC..36.4..C.,0.0127198200115709,0.353282742902018,0.85375277235715
PC..36.5..A.,0.907569396772554,0.967261223851453,0.98659816841635
PC..36.5..B.,0.489943660357598,0.782637275636163,0.851689184837908
PC..36.6..,0.683406404412631,0.880857655986939,1.22344900105152
PC..37.2..,0.890093458312064,0.964309105565824,0.964890016920474
PC..37.3..,0.939530556800849,0.978156964214669,1
PC..37.4..,0.771102206739411,0.911976648355265,0.949325555960627
PC..37.6..,0.309769752230192,0.645089122086909,0.977994227994228
PC..38.2..,0.681099699938162,0.879200662139067,0.94448736342567
PC..38.3..,0.495606807922404,0.785111852282114,0.852746066845118
PC..38.4..A.,0.403071324945764,0.721606109361805,0.941982534323164
PC..38.5..A.,0.896682797643203,0.964309105565824,0.971090079287392
PC..38.5..B.,0.162199494792157,0.509172839514691,0.101611289376531
PC..38.6..A.,0.328508864472813,0.663626723726831,0.865480309327035
PC..38.6..B.,0.146309746039775,0.484510351308639,0.80062866355033
PC..38.6..C.,0.0313802925020766,0.376511759881422,0.843553128937421
PC..39.6..,0.221764656727537,0.56656214707556,0.110865609565895
PC..40.4..,0.00790864907059394,0.347802034570957,0.832877393683163
PC..40.5..A.,0.746562175471286,0.904022227576474,0.915407609248226
PC..40.5..B.,0.0423557161982228,0.378884353424953,0.743469689502218
PC..40.6..B.,0.437519708286426,0.747547698644947,0.775401027816553
PC..40.7..,0.0575415493470648,0.389291859566922,1.14457303971168
PC..40.8..,0.609515465516357,0.85485167835296,0.992678725236865
PC..o.32.0..,0.0159559513823887,0.37332086527023,0.896472392638037
PC..p.32.0..or.PC..o.32.1..,0.0319597204490924,0.376511759881422,0.807654670001087
PC..p.34.0..or.PC..o.34.1..,0.670133258281897,0.869545654489168,0.958234519104084
PC..p.34.1..or.PC..o.34.2..A.,0.0715807319828055,0.409360697780074,0.924622557726465
PC..p.34.1..or.PC..o.34.2..B.,0.864007453683059,0.957413664892038,0.850456621004566
PC..p.34.2..or.PC..o.34.3..,0.022606538562258,0.376511759881422,0.791411368398716
PC..p.36.3..or.PC..o.36.4..,0.0660374202555681,0.400409991831297,0.83414681138013
PC..p.36.4..or.PC..o.36.5..,0.033236475526189,0.376511759881422,0.734104888481833
PC..p.38.2..or.PC..o.38.3..,0.0317364306390234,0.376511759881422,0.678471051152333
PC..p.38.3..or.PC..o.38.4..,0.0195179415026642,0.376511759881422,0.878522837706511
PC..p.38.4..or.PC..o.38.5..A.,0.141646546988992,0.480331442855323,0.848926830513233
PC..p.38.4..or.PC..o.38.5..B.,0.0116854651994917,0.347802034570957,0.806223704056522
PC..p.38.5..or.PC..o.38.6..,0.137667621903051,0.479885920884723,0.84918070620817
PC..p.40.3..or.PC..o.40.4..,0.0660137714829211,0.400409991831297,0.891428571428572
PC..p.40.4..or.PC..o.40.5..,0.248188880223007,0.59857318171431,0.931016775077028
PC..p.40.5..or.PC..o.40.6..,0.0934822513876577,0.426822754396845,0.856125074213339
PC..p.40.6..or.PC..o.40.7..A.,0.399330086776177,0.721606109361805,0.871975081862471
PC..p.40.6..or.PC..o.40.7..B.,0.856098659611099,0.954961830694296,0.963016330451489
PC..p.42.3..or.PC..o.42.4..,0.170577815080935,0.52266013802379,0.954254795868175
PC..p.42.4..or.PC..o.42.5..,0.441703794027408,0.748870609838121,1.00181776868893
PC..p.42.5..or.PC..o.42.6..,0.0578861063443439,0.389291859566922,1.00489995916701
PC..p.44.4..or.PC..o.44.5..,0.28224040883945,0.631192187040953,0.952923869069511
PE..34.2..,0.000580690569297548,0.251266557912961,0.74194421879231
PE..38.4..,0.0425799965537943,0.378884353424953,0.82256890275611
PE..p.36.2..or.PE..o.36.3..,0.00546817451945941,0.327779441396848,0.756397474243935
PE..p.36.4..or.PE..o.36.5..,0.0537646240684091,0.389291859566922,0.743577135832821
PE..p.38.5..or.PE..o.38.6..,0.159368290556433,0.508207770996625,0.772773352643012
SM..41.2..A,0.561738994460265,0.821149871358724,0.909506323949408
SM..d30.1..,0.348949595578281,0.673531826865363,1.0114404576183
SM..d32.0..,0.920481593326041,0.970054653431727,0.966204506065858
SM..d32.1..,0.143397829071504,0.480410625799865,0.823358873472769
SM..d32.2..,0.442742779760543,0.748870609838121,0.8919185282523
SM..d33.1..,0.0284315063955874,0.376511759881422,0.871579821465643
SM..d34.0..,0.0292639561195604,0.376511759881422,0.851806739748275
SM..d34.1..,0.0571603420671124,0.389291859566922,0.852041312228434
SM..d34.2..,0.0490024337526637,0.383555413282213,0.907878893639299
SM..d36.0..,0.0518797598281518,0.389291859566922,0.772205834152737
SM..d36.1..,0.092012241352521,0.42364994547872,0.868691309179275
SM..d36.2..,0.105626397372921,0.435958650047903,0.913440149101184
SM..d36.3..,0.69363824221929,0.886616585922315,1.08271954674221
SM..d37.1..,0.5848685814642,0.838013030914162,0.924694303608709
SM..d38.1..,0.580393390280047,0.837049763871223,0.99126679462572
SM..d38.2..,0.482106162727891,0.777328475859014,0.969910927655877
SM..d39.1..,0.30764236095238,0.645089122086909,0.93004190198579
SM..d39.2..,0.54344325650468,0.804313931081589,1.3501872659176
SM..d40.1..,0.14918988768041,0.490276691957378,0.91432943445269
SM..d40.2..A,0.316486880280067,0.648798104574137,0.954114089060382
SM..d40.2..B,0.437588896767774,0.747547698644947,0.978004713275727
SM..d41.1..,0.0970544579415015,0.429214728814882,0.896373713380839
SM..d41.2..B,0.543214861112969,0.804313931081589,0.951492537313433
SM..d42.1..,0.0504164267782561,0.389291859566922,0.900837988826816
SM..d42.2..A,0.269328253909653,0.618377670976562,0.91976272862086
SM..d42.3..,0.423357228517198,0.737875655371069,0.926890841159245
SM..d43.1..,0.00148588974000706,0.255870213229216,0.864613596746078
SM..d43.2..A,0.0571416701324719,0.389291859566922,0.817527010804322
TG..14.0.14.0.14.0..,0.815763649975458,0.932765607740862,1.76913580246914
TG..44.1..,0.633122870434203,0.868058394118808,2.13964784456588
TG..46.0..,0.0811523847001867,0.409360697780074,0.649246330821103
TG..46.1..,0.950802365573307,0.983943313411799,1.74453629260559
TG..46.2..,0.496052087853043,0.785111852282114,2.5205688166582
TG..46.3..,0.568989083168214,0.826137606421302,2.33333333333333
TG..48.0..,0.0194005334648359,0.376511759881422,0.663590697674419
TG..48.1..,0.134833486129906,0.479105196012428,0.70298118360615
TG..48.2.,0.854120781952657,0.954961830694296,1.33835008870491
TG..48.3..,0.212968944541427,0.561853902089481,2.9365950490425
TG..48.4.,0.129526983441189,0.474564820182398,2.18854415274463
TG..49.1..,0.0767550679900734,0.409360697780074,0.632904550859367
TG..49.2..,0.140928640918753,0.480331442855323,0.576387191395747
TG..49.3..,0.509800222085193,0.792412912051884,0.791640673736744
TG..50.0..,0.0372284903097279,0.376511759881422,0.718373310605138
TG..50.2..,0.0519202971691512,0.389291859566922,0.660057022482112
TG..50.3..,0.564838302169048,0.822886257474705,0.944227937348466
TG..50.4..,0.85847550877677,0.956206226464164,1.02370452039691
TG..50.5..,0.233370207409665,0.580727597051217,1.42152466367713
TG..51.1..,0.762270906398917,0.907766598076718,1.50669310857709
TG..51.2..,0.177211395817088,0.5290878489371,0.604373517707119
TG..51.3..,0.262098875652994,0.612808957255955,0.690654154618364
TG..51.4..,0.793794094803716,0.921100694913746,1.00526870389884
TG..52.1..,0.0254290173400868,0.376511759881422,0.5609762756286
TG..52.4..,0.308833952187577,0.645089122086909,0.76258795504439
TG..52.5..,0.887921815571128,0.964309105565824,0.91429933072253
TG..52.6..,0.769526997001159,0.911976648355265,0.961228207129846
TG..53.1..,0.0526844792464789,0.389291859566922,0.65262252794497
TG..53.2..,0.12952185286775,0.474564820182398,0.731187222130743
TG..53.3..,0.354456925966353,0.679000811906179,0.766774331159729
TG..53.4..,0.535888557045609,0.804313931081589,0.954005458340023
TG..53.5..,0.962617386941126,0.987368350376815,1.1301720130172
TG..54.1..,0.0639167051962195,0.400409991831297,0.595950506186727
TG..54.2..,0.100263547490142,0.430953518302257,0.85180355452729
TG..54.3..,0.148398274685748,0.489543733733445,1.17420564418931
TG..54.4.,0.0695591018746844,0.409360697780074,1.09915360945691
TG..54.5..A.,0.217451994362019,0.56449247542349,1.07499049177367
TG..54.5..B.,0.0254118944359548,0.376511759881422,0.684708344232278
TG..54.6..A.,0.364856426735308,0.686304280908138,1.30759759396068
TG..54.6..B.,0.0774933175082779,0.409360697780074,0.884803452891524
TG..54.8..,0.518840245170932,0.793466165350217,1
TG..56.2..,0.50452431460198,0.789809881586009,1.06755934266586
TG..56.3..,0.854141173597993,0.954961830694296,1.0666447800394
TG..56.4..,0.0974446160562497,0.429214728814882,1.11325857891475
TG..56.5..,0.179999707068594,0.532576452873058,0.794702623066329
TG..56.6..,0.46900598989613,0.764799540341984,0.852899230624883
TG..56.7..A,0.975052412420996,0.994861766320622,0.910150547445255
TG..56.7..B,0.217618011728355,0.56449247542349,0.716833843060932
TG..56.8..,0.551529185620101,0.810352608905985,0.860307945463094
TG..58.1..,0.279951816483283,0.628197242213611,0.670122525918944
TG..58.10..,0.407270597363927,0.726004108344391,1.11111111111111
TG..58.2..,0.988459596452219,0.995001429880905,1.54953917050691
TG..58.3..,0.917647229347658,0.970054653431727,1.17903930131004
TG..58.6..,0.261976976200546,0.612808957255955,1.20665083135392
TG..58.8..,0.987673764709001,0.995001429880905,1.07419994335882
TG..58.9..,0.532433507348315,0.804313931081589,1.03406475372104
TG..60.11..,0.354878473121696,0.679000811906179,0.976916735366859
CSH_posESI..002,0.944990128898372,0.982035367502473,0.992864983534577
CSH_posESI..015,0.140413231069848,0.480331442855323,15.777446300716
CSH_posESI..017,0.294761965321806,0.645089122086909,0.84975194897236
CSH_posESI..034,0.36586548941297,0.686304280908138,0.906860517946388
CSH_posESI..036,0.0850334306224163,0.409360697780074,0.854368932038835
CSH_posESI..040,0.2434292721283,0.590915290847798,1.01718377088305
CSH_posESI..041,0.0621239543919006,0.400409991831297,1.1378480577518
CSH_posESI..042,0.564532711313302,0.822886257474705,0.923624110819918
CSH_posESI..061,0.242100637352447,0.590894159076848,0.837495837495838
CSH_posESI..104,0.931511458934977,0.976446120151243,4.2355460385439
CSH_posESI..106,0.162456815275738,0.509172839514691,0.869455297632728
CSH_posESI..116,0.203332768351148,0.553072433828755,0.324324324324324
CSH_posESI..124,0.00102463886573955,0.251266557912961,4.5979381443299
CSH_posESI..134,0.0868584017836745,0.409360697780074,0.876513921837932
CSH_posESI..170,0.624107615258807,0.865308625986848,0.903639159405433
CSH_posESI..187,0.829969333840788,0.942748807964273,0.986451358802678
CSH_posESI..197,0.335726230260302,0.667575714212749,0.9032189298657
CSH_posESI..201,0.347101212944552,0.673094919696531,0.919535794847442
CSH_posESI..211,0.284700509150887,0.633403458343446,0.827075299370814
CSH_posESI..214,0.0292262657287138,0.376511759881422,3.44981751824818
CSH_posESI..215,0.142950732141199,0.480410625799865,0.722836694860117
CSH_posESI..230,0.548223429995781,0.806989033535417,1.01127191761759
CSH_posESI..232,0.00590764062237503,0.327779441396848,0.650915534554046
CSH_posESI..270,0.83614733565962,0.945650698017071,0.980733480764748
CSH_posESI..285,0.0478858030539584,0.381756263235724,0.880385040239861
CSH_posESI..286,0.0132005450460696,0.35517716514581,0.862912450505939
CSH_posESI..288,0.0323225247273034,0.376511759881422,0.739430948865924
CSH_posESI..290,0.157618282226716,0.507403153559069,0.906112215786288
CSH_posESI..293,0.0586378726343107,0.389291859566922,0.896237237581737
CSH_posESI..301,0.000856601332848905,0.251266557912961,0.833136094674556
CSH_posESI..303,0.310413408200634,0.645089122086909,1.09511698880977
CSH_posESI..310,0.307704556327359,0.645089122086909,0.930720245937637
X1.11,0.101606927079394,0.430953518302257,0.888896863561329
X10.42,0.145748100198978,0.484510351308639,0.822669318804097
X9.56,0.462156151855108,0.76334152136895,0.989029695479478
X10.78,0.00299169049271193,0.286205057136108,0.636370223819802
X9.32,0.468126043848753,0.764799540341984,1.26676808186973
X5.09,0.465092259714213,0.763580259076392,0.86361919153759
X10.13,0.105091717125156,0.435958650047903,1.65746478873239
X9.56.1,0.515280652635454,0.792412912051884,1.22440142638818
X10.73,0.275171020149804,0.622663321974599,0.822305124680935
X10.71,0.510050037604082,0.792412912051884,0.805488519616631
X4.70,0.983484646907644,0.995001429880905,0.854415954415955
X4.82,0.593320331677184,0.844378191031497,1.0067312446622
X10.79,0.110162773592683,0.438753756489846,0.862093909602816
X2.19,0.421311616883459,0.737697952233833,0.795008912655972
X6.19,0.342606580949756,0.672011388801168,0.937881873727088
X6.19.1,0.344527617093271,0.6726491571821,0.970446735395189
X6.82,0.347021065900499,0.673094919696531,0.977456647398844
X6.82.1,0.334606003639982,0.666888354476909,1.00763358778626
X4.52,0.731296964156016,0.902072616244026,1.13768192550305
X10.76,0.120487325259763,0.460090179193923,0.636927316569067
X5.35,0.341658372829081,0.672011388801168,0.835971588026382
X11.16,0.0281930416123938,0.376511759881422,0.463182897862233
X9.92,0.72226467410654,0.902072616244026,0.876739797121963
X8.39,0.228577975925856,0.57210941067489,0.286921812632073
X8.40,0.510983416243128,0.792412912051884,0.965758053615679
X11.17,0.056602707681829,0.389291859566922,0.864684014869889
X5.04,0.263803562783989,0.612808957255955,1.01356451993395
X10.41,0.0475922373101195,0.381756263235724,0.73534832288979
X4.78,0.881910864854373,0.964309105565824,0.918319882013443
X10.74,0.0421424472092283,0.378884353424953,0.895335608646189
X4.71,0.202969366172014,0.553072433828755,0.860307351515991
X10.14,0.3920220613473,0.71359618355185,0.00444152431011827
X10.05,0.349378943336273,0.673531826865363,0.954190953123717
X10.87,0.236085505430861,0.585791412610867,0.580652469415496
X10.46,0.978282723354748,0.995001429880905,0.994710417787341
X10.56,0.237272275710305,0.587044337317737,0.751104341203351
X4.99,0.119308839121739,0.458593350374182,0.607409024883463
X5.07,0.30243768904355,0.645089122086909,1.04582547703447
X4.79,0.055255143849016,0.389291859566922,0.881155476477053
X4.70.1,0.0736820050428219,0.409360697780074,0.848285675565795
X10.85,0.657015916494356,0.868058394118808,1.03698421931586
X10.78.1,0.249692760046057,0.600518062568869,1.35030652577236
X4.55,0.695672701750856,0.886616585922315,0.866840731070496
X4.64,0.198240553266542,0.552379017354347,0.864959568733154
X4.68,0.728263549705208,0.902072616244026,1.05981835264641
X4.58,0.214491569184129,0.561853902089481,0.105831749524857
X4.45,0.979091344122723,0.995001429880905,0.783943216152703
X6.00,0.752027503843108,0.904022227576474,0.875282567977782
X6.10,0.87427820096456,0.962600423312642,0.963055565921558
X4.75,0.465597718949019,0.763580259076392,0.823099033185263
X6.35,0.0470536140227446,0.381756263235724,0.80672268907563
X6.41,0.856249167591169,0.954961830694296,0.98814552391334
X5.00,0.256506373000935,0.610088362303328,1.3275627970129
X5.60,0.266489738398284,0.615935083820064,0.902993779160187
X10.31,0.616441442260733,0.86161701588716,1.11515088013412
X9.68,0.893974316851277,0.964309105565824,0.996852196308485
X0.83,0.530208644265382,0.803714159705095,1
X0.94,0.19740479349639,0.551836127273999,1.09865339578454
X1.17,0.0853816168113439,0.409360697780074,2.49725145280352
X1.18,0.432782596729654,0.747084621692469,0.944685088374409
X1.19,0.957582669543111,0.987368350376815,1.01339182636804
X1.20,0.00685253187589229,0.327779441396848,0.207626377470701
X1.32,0.0370957804921354,0.376511759881422,0.861970024304618
X1.44,0.324382473957258,0.657160729593409,0.741628954524932
X1.44.1,0.827456238485743,0.941135827392636,0.5
X1.45,0.0346815810675604,0.376511759881422,0.849780701754386
X1.58,0.371822845469587,0.691445939415366,1.31995540691193
X1.59,0.20129569545388,0.553072433828755,0.991089108910891
X1.71,0.701580879484988,0.889633486357253,0.950469992769342
X2.19.1,0.21073173366279,0.561193603585597,0.723912010319777
X2.30,0.231939253596766,0.578839702454539,0.00017991239048811
X2.54,0.217667249524505,0.56449247542349,0.93705743509048
X3.42,0.00260866485951701,0.286205057136108,0.879126460132047
X3.71,0.076561481426116,0.409360697780074,2.11491538764266
X4.10,0.219018007226299,0.564594324017496,0.557130942452043
X4.10.1,0.720511483682645,0.901686609666799,0.925344745601522
X4.12,0.22556472909875,0.56873759076477,0.865357967667437
X4.20,0.7917046810227,0.921100694913746,0.899788657978161
X4.20.1,0.501465309226903,0.786451058732902,1.00081416649705
X4.39,0.791265556715407,0.921100694913746,0.954976826307658
X4.41,0.211832661051474,0.561193603585597,1.37669435942282
X4.41.1,0.670621386209077,0.869545654489168,0.956874466268147
X4.50,0.0269439216627637,0.376511759881422,0.000591482649842271
X4.52.1,0.644396973016781,0.868058394118808,0.918729463307777
X4.52.2,0.88024692130781,0.964309105565824,3.52217529039071
X4.61,0.500238435047154,0.785958563094159,1.07755838757316
X4.61.1,0.187426840843186,0.544760676759805,0.71149484158923
X4.67,0.623090910853728,0.865308625986848,0.856270037094852
X4.69,0.201799449206345,0.553072433828755,1.0081285620854
X4.69.1,0.57461203271667,0.831497412048828,0.833619948409286
X4.69.2,0.517425805715788,0.792711065340379,0.85004412826616
X4.71.1,0.768705069566084,0.911976648355265,0.96254891000559
X4.75.1,0.299659278840964,0.645089122086909,0.812040767954492
X4.75.2,0.710018465823426,0.895678650403958,0.95200749151352
X4.75.3,0.292072765993386,0.644806798770015,0.901692516364923
X4.76,0.622081748566685,0.865308625986848,1
X4.76.1,0.0806742904799948,0.409360697780074,3.29318448883666
X4.77,0.192181347997381,0.545238326744866,0.985117065381307
X4.77.1,0.979035033707383,0.995001429880905,1
X4.77.2,0.528560638667398,0.803714159705095,0.986254295532646
X4.77.3,0.757496185237233,0.907099047968369,1
X4.77.4,0.083250487096302,0.409360697780074,0.659802086119283
X4.78.1,0.373458099333582,0.692990136909944,0.976706266014442
X4.78.2,0.0300430273382292,0.376511759881422,73134.309623431
X4.78.3,0.435582439128478,0.747084621692469,0.774633904194589
X4.78.4,0.137156286287111,0.479885920884723,0.932139303482587
X4.78.5,0.730832276440156,0.902072616244026,0.796419835445853
X4.79.1,0.054152741067285,0.389291859566922,1.47079337401918
X4.79.2,0.752557225742515,0.904022227576474,0.809886945392492
X4.79.3,0.00228933089747972,0.286205057136108,0.842031425364759
X4.79.4,0.891839736863713,0.964309105565824,1.84172661870504
X4.80,0.163397725204268,0.509172839514691,0.20329804501774
X4.80.1,0.641025606618177,0.868058394118808,0.138808943989374
X4.80.2,0.99383709080131,0.995001429880905,0.977983777520278
X4.80.3,0.43519362825251,0.747084621692469,1
X4.80.4,0.0453444968737433,0.381756263235724,0.923109332209817
X4.80.5,0.429950928633134,0.746346269260339,0.954194792671167
X4.81,0.614069548491947,0.859697367888726,1
X4.81.1,0.471618878093984,0.764939972919031,1.04290589956119
X4.81.2,0.191302256113399,0.545238326744866,0.868661150010609
X4.81.3,0.915177728774768,0.970054653431727,1.43494996150885
X4.81.4,0.635816148289806,0.868058394118808,1.07116615933662
X4.81.5,0.671601541598048,0.869545654489168,0.966710978176581
X4.81.6,0.868459906979702,0.957418668258033,0.650193382036957
X4.81.7,0.582542451611587,0.838013030914162,0.78698317874548
X4.81.8,0.695298796471592,0.886616585922315,0.754236017393912
X4.81.9,0.752826872441733,0.904022227576474,1.20467859562428
X4.81.10,0.662832719422099,0.869545654489168,1.5217665615142
X4.82.1,0.738465538221852,0.904022227576474,1.01232869463993
X4.82.2,0.107269490410443,0.435958650047903,0.968388589051658
X4.82.3,0.358127305912029,0.679290749286683,1.01123700284422
X4.83,0.838304228921149,0.945650698017071,0.830572122818644
X4.83.1,0.512837743613177,0.792412912051884,1.27576158940397
X4.83.2,0.0227387684313995,0.376511759881422,0.000170888763090858
X4.83.3,0.0465417006693011,0.381756263235724,0.884801675611991
X4.83.4,0.077156219937087,0.409360697780074,0.907187133523203
X4.83.5,0.163810541864773,0.509172839514691,0.882332155477032
X4.84,0.712581575446956,0.896977684882791,1.07412972702229
X4.84.1,0.0875150284125541,0.409360697780074,0.846687395359962
X4.84.2,0.6476774223162,0.868058394118808,0.716238933094251
X4.85,0.936123583155069,0.977590359783192,1
X4.85.1,0.0424776029145361,0.378884353424953,0.755057208237986
X4.85.2,0.0292442324255631,0.376511759881422,0.710157068062827
X4.85.3,0.0641300442688649,0.400409991831297,0.946563543680787
X4.85.4,0.0376583165749868,0.376511759881422,0.547464820192093
X4.86,0.126137175288999,0.472191773581862,0.850508346931091
X4.86.1,0.16793143393671,0.516389159355382,0.879325455589471
X4.87,0.0732610334930654,0.409360697780074,0.961214264662541
X4.88,0.525175354889821,0.801730461986056,0.755555555555556
X4.88.1,0.544616750081958,0.804313931081589,0.911828167908984
X4.89,0.219868508570771,0.565094883222191,0.830943847072879
X4.89.1,0.28017159234614,0.628197242213611,0.351217725691265
X4.90,0.494707991349408,0.785111852282114,0.829967851286175
X4.90.1,0.64641857827508,0.868058394118808,0.88319722840881
X4.90.2,0.0709071047479152,0.409360697780074,0.800400956126147
X4.90.3,0.314086113953514,0.64585516306096,4.6594849351961
X4.90.4,0.0435650998711618,0.378884353424953,0.915228544776119
X4.90.5,0.13280744709373,0.479105196012428,0.744491766478574
X4.90.6,0.0182941461366103,0.376511759881422,0.819717444717445
X4.91,0.158101257519947,0.507403153559069,0.896986054880792
X4.91.1,0.15502147431439,0.503587659348228,0.83184789067142
X4.91.2,0.0447673373999354,0.381756263235724,1
X4.91.3,0.0349222864072687,0.376511759881422,6.05020673360898
X4.93,0.543915497767031,0.804313931081589,0.912736189239867
X4.93.1,0.117351900638014,0.453094109638253,1.25817236255572
X4.94,0.665427582375649,0.869545654489168,4.30932703659976
X4.94.1,0.820681096114397,0.937143798082886,1.00031157501168
X4.95,0.49280844273278,0.784977086518368,1.35469336914424
X4.95.1,0.882697272540188,0.964309105565824,0.948712340751271
X4.96,0.0398655713394172,0.378884353424953,0.00562996594778661
X4.96.1,0.319873490386266,0.654183076538183,0.850751303462683
X4.98,0.35424719374151,0.679000811906179,1.04023146872417
X4.98.1,0.770854035266777,0.911976648355265,0.91070954026043
X4.98.2,0.992029059102753,0.995001429880905,1.13008373205742
X4.99.1,0.102864316996387,0.431809858391838,0.495363214837713
X4.99.2,0.0276808396335237,0.376511759881422,0.804160475482912
X4.99.3,0.341535845398487,0.672011388801168,1
X4.99.4,0.087566638395072,0.409360697780074,0.830496705473699
X4.99.5,0.761700466591163,0.907766598076718,0.947936092734732
X4.99.6,0.035818468280326,0.376511759881422,0.808620999005018
X4.99.7,0.47264583692558,0.764939972919031,0.401167189019777
X4.99.8,0.513645220200775,0.792412912051884,0.99951825165351
X4.99.9,0.0651799988007038,0.400409991831297,0.763724893487523
X4.99.10,0.0118880990770139,0.347802034570957,0.853824013157895
X4.99.11,0.0471278812443169,0.381756263235724,0.944889122162446
X4.99.12,0.599088442628982,0.846987108544423,1.01775983854692
X4.99.13,0.729058775343422,0.902072616244026,1.00742626777
X4.99.14,0.034771704874818,0.376511759881422,0.891882508159156
X4.99.15,0.0317429113061364,0.376511759881422,0.950362991727165
X5.00.1,0.607375728151879,0.85485167835296,0.975603922506577
X5.00.2,0.499119621402702,0.785634358368787,1.00143120016357
X5.00.3,0.0172597098900153,0.376511759881422,1.22425249169435
X5.01,0.697142193576547,0.886616585922315,0.952852473869851
X5.01.1,0.74213585161185,0.904022227576474,1
X5.02,0.949388023221124,0.983661959077482,0.923042605398171
X5.02.1,0.893721675784584,0.964309105565824,1.28363636363636
X5.04.1,0.0108579560995326,0.347802034570957,0.822314957171096
X5.04.2,0.0959628640384207,0.429214728814882,0.19105370924555
X5.05,0.368232808318951,0.686876378171741,0.944484731286762
X5.05.1,0.468783587771674,0.764799540341984,0.852423638778221
X5.05.2,0.984254633466487,0.995001429880905,0.985849056603774
X5.08,0.222935908695776,0.56656214707556,5.74556213017752
X5.09.1,0.686353254220552,0.883333560364566,1.64867451430759
X5.11,0.214113689115066,0.561853902089481,1.71440843420539
X5.11.1,0.187855702597409,0.544760676759805,1.30022667829119
X5.11.2,0.654498223057945,0.868058394118808,0.951155115511551
X5.13,0.0309643112945106,0.376511759881422,1.08228650455226
X5.13.1,0.0824760514456557,0.409360697780074,1
X5.15,0.44615168676547,0.748870609838121,2.13908275174477
X5.15.1,0.81116746209282,0.929980272785509,1
X5.15.2,0.54427305425921,0.804313931081589,0.915069037449091
X5.16,0.0246998296532033,0.376511759881422,0.592849120179708
X5.16.1,0.394247454078489,0.716133033674217,3.14490943160525
X5.19,0.655871019721583,0.868058394118808,0.917255178907721
X5.20,0.13953796727661,0.480331442855323,0.759788478847885
X5.21,0.488086666893125,0.78135567072459,0.882300884955752
X5.21.1,0.161606360186284,0.509172839514691,1.00673739642221
X5.21.2,0.90609803261048,0.967261223851453,0.94885415085749
X5.27,0.536954127936529,0.804313931081589,1.01415094339623
X5.28,0.306107791976314,0.645089122086909,9.0418118466899
X5.29,0.609615482588522,0.85485167835296,1.52925182823926
X5.29.1,0.664966551929145,0.869545654489168,1.04044186481932
X5.31,0.462792420620897,0.76334152136895,1.10445468509985
X5.32,0.193797431320143,0.547080617595551,1.73945294390357
X5.33,0.991072749860422,0.995001429880905,0.875674407694112
X5.33.1,0.839113975940816,0.945650698017071,0.860654030410331
X5.34,0.645707097430035,0.868058394118808,0.873913575713062
X5.34.1,0.207179638835753,0.557442715742447,0.936143441333753
X5.34.2,0.301760118062647,0.645089122086909,0.946608553527649
X5.34.3,0.638077382617022,0.868058394118808,1.53920888272033
X5.35.1,0.0321254423630878,0.376511759881422,0.812413793103448
X5.38,0.750607475334509,0.904022227576474,0.618009478672986
X5.41,0.400244625684527,0.721606109361805,0.735132713629746
X5.41.1,0.0834316001853659,0.409360697780074,0.0943522810441571
X5.43,0.637621990969327,0.868058394118808,0.80992637032997
X5.43.1,0.43276763577007,0.747084621692469,0.908740359897172
X5.43.2,0.332029075664071,0.666050732386071,0.939030813800369
X5.44,0.129125553605251,0.474564820182398,0.904153166421208
X5.44.1,0.47067511036426,0.764939972919031,0.990761942360837
X5.44.2,0.968425514606092,0.991455847890422,2.10235783633842
X5.44.3,0.922907954430862,0.9714226757518,1.27490297542044
X5.45,0.266833665812873,0.615935083820064,0.942049964977819
X5.45.1,0.779834065485161,0.91726383932066,0.904947043839657
X5.45.2,0.805658281027828,0.927838920203681,1.00095754867539
X5.45.3,0.0850655488873688,0.409360697780074,0.141104294478528
X5.46,0.125363226597196,0.471343834498626,0.383498244494095
X5.46.1,0.537332150460161,0.804313931081589,0.347418912745546
X5.47,0.887476037967745,0.964309105565824,0.93660394265233
X5.47.1,0.135744214435391,0.479105196012428,0.0623603871928518
X5.47.2,0.693193175237604,0.886616585922315,0.697067651812514
X5.47.3,0.710509312689783,0.895678650403958,0.849118023269173
X5.47.4,0.26405589215094,0.612808957255955,1
X5.47.5,0.0875586327080267,0.409360697780074,0.920242608036391
X5.47.6,0.014658451200071,0.37332086527023,0.762884080687466
X5.47.7,0.690839240269043,0.886616585922315,1
X5.48,0.0305851662214626,0.376511759881422,0.87110263370259
X5.48.1,0.841564787341345,0.947172917517513,1.58726721524469
X5.48.2,0.667772858305193,0.869545654489168,1
X5.50,0.376137262713335,0.693477908343001,0.878069196428571
X5.51,0.0865632480491044,0.409360697780074,0.844091124822022
X5.51.1,0.876080904630538,0.963353331911741,0.990041454233573
X5.51.2,0.803164515153913,0.927838920203681,0.907382113821138
X5.52,0.455029131783592,0.753423235510908,0.67693922335655
X5.52.1,0.598709999092629,0.846987108544423,1.25714645510641
X5.52.2,0.189546541612553,0.545238326744866,0.987261146496815
X5.53,0.777948960416522,0.916298296742306,0.888627977188863
X5.53.1,0.32911569225477,0.663626723726831,5.59570661896243
X5.53.2,0.174693431685825,0.524716424804125,0.935846698604457
X5.54,0.0208069211314985,0.376511759881422,1.13783305634482
X5.54.1,0.515390511903664,0.792412912051884,1.018070273285
X5.59,0.313858040511171,0.64585516306096,0.115863418104215
X5.60.1,0.695586343601989,0.886616585922315,0.91669758812616
X5.60.2,0.357042193597763,0.679290749286683,0.821280133000831
X5.60.3,0.593280167057121,0.844378191031497,1.01568873548792
X5.62,0.945536956631301,0.982035367502473,0.989853123969458
X5.62.1,0.0340937375460015,0.376511759881422,0.857444809769845
X5.62.2,0.120766992448115,0.460090179193923,0.948579914609244
X5.62.3,0.324259928546568,0.657160729593409,0.909237379162191
X5.62.4,0.0385074259669845,0.376511759881422,0.792477717920586
X5.62.5,0.310267505320165,0.645089122086909,1
X5.62.6,0.898503105745895,0.964602461405506,9.26106812127363
X5.62.7,0.656489564762808,0.868058394118808,0.604088639200999
X5.62.8,0.117000689592827,0.453094109638253,0.768963807635102
X5.63,0.554420346615911,0.813212808239011,9.70392673441224
X5.63.1,0.43931132934836,0.748870609838121,0.968651797348049
X5.63.2,0.927852484399162,0.975434663086299,1
X5.64,0.631047289551378,0.868058394118808,2.88133725202057
X5.66,0.192276454949225,0.545238326744866,1.03501871471167
X5.66.1,0.158526653086399,0.507403153559069,0.48907422852377
X5.68,0.00116732431086161,0.251266557912961,0.000613788631942944
X5.69,0.583815258847157,0.838013030914162,0.92314990512334
X5.73,0.822789298706391,0.938306736670467,3.41759053954176
X5.76,0.301067941806775,0.645089122086909,0.880733944954129
X5.77,0.192511557875075,0.545238326744866,0.86001523229246
X5.78,0.357720376521341,0.679290749286683,1.38583078491335
X5.79,0.125184336129937,0.471343834498626,0.737395791980945
X5.79.1,0.0549405486673603,0.389291859566922,0.650535987748851
X5.80,0.885730705415818,0.964309105565824,1.26704269771955
X5.91,0.996473344869996,0.996473344869996,0.792461197339246
X6.01,0.413454679347882,0.733691572865965,5.11671335200747
X6.01.1,0.446264021398156,0.748870609838121,0.847154196926195
X6.03,0.0583555436902402,0.389291859566922,0.893746436038776
X6.05,0.742400523656502,0.904022227576474,4.25252525252525
X6.09,0.852906048462518,0.954961830694296,0.969497529190537
X6.09.1,0.930253743298312,0.976446120151243,1.13458371454712
X6.10.1,0.485799855617591,0.78135567072459,0.986117759693633
X6.11,0.0428060329796863,0.378884353424953,0.663763066202091
X6.11.1,0.510680192776721,0.792412912051884,1.02560914967678
X6.11.2,0.653394281746911,0.868058394118808,0.846337628707072
X6.12,0.35897478620841,0.679290749286683,0.865266748387785
X6.22,0.00389585848269145,0.327779441396848,2.26346433770015
X6.33,0.744638652570804,0.904022227576474,1.01821086261981
X6.44,0.663849653816706,0.869545654489168,0.984563539515165
X6.65,0.745018378454356,0.904022227576474,0.87882797731569
X6.65.1,0.0971234969744373,0.429214728814882,0.963050314465409
X6.66,0.937595919707079,0.977590359783192,0.96531552518507
X6.67,0.165441656606479,0.512393044381937,1.05061425061425
X6.68,0.259018643982134,0.611000143749636,17.114953271028
X6.69,0.185957071537975,0.544760676759805,0.837711487088157
X6.82.2,0.331947796869926,0.666050732386071,1.00209937018894
X6.98,0.885562634820889,0.964309105565824,1.13174320107
X7.01,0.79283068889293,0.921100694913746,0.913090128755365
X7.02,0.665106652555328,0.869545654489168,0.931236740297017
X7.34,0.725415216528674,0.902072616244026,0.932158936923548
X7.35,0.209680176376871,0.560666558572937,0.950797872340426
X7.40,0.276644653720964,0.623536771868455,0.433217993079585
X7.41,0.346123495878785,0.673094919696531,1
X7.42,0.745508991890407,0.904022227576474,1.11338661338661
X7.43,0.625586352335726,0.865964388040289,4.76969537815126
X7.44,0.904784028738956,0.967261223851453,1.07996860355057
X7.55,0.488233856968443,0.78135567072459,0.880653632915086
X7.59,0.0829254846849436,0.409360697780074,1
X7.87,0.670601251193715,0.869545654489168,1.04115133798066
X7.92,0.385970907553425,0.705564652661356,1.03586756591048
X8.09,0.866985419791106,0.957418668258033,0.934771700953337
X8.10,0.807198283025775,0.927838920203681,1.05042455911169
X8.18,0.514957201268776,0.792412912051884,1.04293381037567
X8.23,0.0857235907099302,0.409360697780074,0.900881726968684
X8.30,0.405938866337823,0.725131460408435,1.16558249556475
X8.31,0.961985757427424,0.987368350376815,0.969758354509277
X8.31.1,0.650269350361762,0.868058394118808,0.996272450016943
X8.32,0.172177288709543,0.524716424804125,0.621919917864476
X8.84,0.574512608547901,0.831497412048828,0.20116144018583
X9.01,0.0827270172486871,0.409360697780074,1
X9.31,0.506285506369566,0.791128531731754,0.955758774097874
X9.34,0.0650538786013544,0.400409991831297,0.855080213903743
X9.51,0.959405690274466,0.987368350376815,0.623542175210198
X9.57,0.776110738193371,0.915385404910263,0.748067683308962
X9.57.1,0.401972112394635,0.721606109361805,0.639928698752228
X9.57.2,0.101304152475818,0.430953518302257,1.33093220338983
X9.58,0.37591542202164,0.693477908343001,1.05257539364825
X9.68.1,0.896231683686925,0.964309105565824,0.894297235023042
X9.68.2,0.756765680904806,0.907099047968369,1.0275740215238
X9.68.3,0.973291079984682,0.994861766320622,0.919745222929936
X9.68.4,0.595942778640816,0.84671077955403,0.846153846153846
X9.68.5,0.963286195489576,0.987368350376815,0.870273903545623
X9.69,0.323598170506158,0.657160729593409,1.19569867827947
X9.69.1,0.86354727386708,0.957413664892038,1
X9.69.2,0.454873010503166,0.753423235510908,1.15125495376486
X9.70,0.324239615098475,0.657160729593409,1.14385072094996
X9.70.1,0.987639741867197,0.995001429880905,0.988271432560737
X9.71,0.584954508222313,0.838013030914162,1.36347569955817
X9.73,0.982216262093602,0.995001429880905,1.07401499441697
X9.75,0.988906908290696,0.995001429880905,0.499686323713927
X9.90,0.708067482191759,0.895221882771079,0.543780687397709
X9.92.1,0.93785091426355,0.977590359783192,0.910083036773428
X9.92.2,0.0936927997456489,0.426822754396845,0.103668941979522
X9.92.3,0.219002539763871,0.564594324017496,0.262737034498515
X9.92.4,0.947559525802717,0.982950303272457,0.932356857523302
X9.93,0.803146784602143,0.927838920203681,0.705284974093264
X9.93.1,0.454087122331863,0.753423235510908,5.59464916708733
X9.93.2,0.784619874659509,0.919126138886854,0.936531822607772
X9.94,0.893337669371668,0.964309105565824,1.38531047265987
X9.94.1,0.0487399218009866,0.383555413282213,0.511125238397966
X9.94.2,0.307637621632835,0.645089122086909,0.982867448151488
X9.95,0.0112905309332035,0.347802034570957,0.756977243452125
X9.96,0.724333818999167,0.902072616244026,2
X9.98,0.0884333214716537,0.409360697780074,0.216345424191835
X9.98.1,0.131820862175641,0.479105196012428,0.189780367548185
X9.98.2,0.64413148793158,0.868058394118808,1.08268482490272
X9.98.3,0.637071379974448,0.868058394118808,3.57861635220126
X9.99,0.444534975019725,0.748870609838121,0.974899539921961
X9.99.1,0.291633197335138,0.644806798770015,0.853032928942808
X9.99.2,0.599057533452221,0.846987108544423,0.964353145532815
X10.04,0.200961345485331,0.553072433828755,0.901050304035379
X10.05.1,0.204400691513818,0.553424513815714,0.780933685049997
X10.05.2,0.269261861079538,0.618377670976562,4.32528908999497
X10.05.3,0.10055330963918,0.430953518302257,0.142253907321086
X10.05.4,0.341277083379669,0.672011388801168,0.801413427561838
X10.06,0.0657607832490637,0.400409991831297,0.643604324627914
X10.06.1,0.306004637918404,0.645089122086909,0.929541047188106
X10.06.2,0.623554764724729,0.865308625986848,1
X10.06.3,0.220704122116869,0.565554312924476,0.790410067259709
X10.06.4,0.493231827882041,0.784977086518368,2.31831017314409
X10.06.5,0.737703380165558,0.904022227576474,0.872788542544229
X10.07,0.186604547000844,0.544760676759805,1.3179111939281
X10.07.1,0.136423481255916,0.479431091270792,0.743539509282582
X10.07.2,0.535566037955453,0.804313931081589,0.90293453724605
X10.07.3,0.0973694114596131,0.429214728814882,0.794527755853723
X10.08,0.530010248803547,0.803714159705095,1.33872493777759
X10.08.1,0.272028570196316,0.621264188167184,1.664880314398
X10.08.2,0.132502340507016,0.479105196012428,1.10639324487334
X10.08.3,0.178206127981137,0.5290878489371,1.10982255134833
X10.08.4,0.914987030928055,0.970054653431727,0.749747048903879
X10.09,0.239635933043127,0.587824895584424,1.43651389932382
X10.09.1,0.749294767391826,0.904022227576474,1.15876185721418
X10.10,0.623289066077787,0.865308625986848,1.06184388757196
X10.10.1,0.258608318226607,0.611000143749636,1.08588957055215
X10.10.2,0.641012924638149,0.868058394118808,1.021829810901
X10.10.3,0.0349844917290787,0.376511759881422,0.565486954275381
X10.10.4,0.155579927278314,0.503587659348228,0.771821631878558
X10.10.5,0.284315772939749,0.633403458343446,1.03901215002641
X10.11,0.74334129101712,0.904022227576474,0.953594389246055
X10.11.1,0.200780648219677,0.553072433828755,0.884233267687605
X10.11.2,0.783465035490799,0.919023699669725,1.11331679073615
X10.12,0.101310505567487,0.430953518302257,0.638107752956636
X10.12.1,0.0587780972632983,0.389291859566922,1.57862870234004
X10.12.2,0.396212265160208,0.718186863795661,0.747733804996684
X10.14.1,0.952232001908856,0.984239800292347,1.04699017199017
X10.18,0.0525103650082574,0.389291859566922,0.00164458804523425
X10.21,0.257599754519656,0.611000143749636,0.737605804111245
X10.21.1,0.00655546631476284,0.327779441396848,0.170087976539589
X10.29,0.477573578531891,0.771465011474593,0.169428387925498
X10.29.1,0.154553895583188,0.503587659348228,0.978214070438302
X10.29.2,0.47233785341458,0.764939972919031,0.731829573934837
X10.30,0.364054767256733,0.686304280908138,0.84589831368074
X10.30.1,0.738408337350993,0.904022227576474,0.775249797461518
X10.30.2,0.142006648618319,0.480331442855323,1.44001016776818
X10.30.3,0.190110205385473,0.545238326744866,1.40525517938353
X10.30.4,0.907720172905893,0.967261223851453,2.72038263428992
X10.31.1,0.0707748445160792,0.409360697780074,0.697198456634793
X10.31.2,0.0964649122554881,0.429214728814882,0.993406434597251
X10.31.3,0.435197229518866,0.747084621692469,0.921294206170053
X10.34,0.247183299437905,0.597822530382125,0.283827414147344
X10.34.1,0.608223696345153,0.85485167835296,0.801115241635688
X10.34.2,0.343122916493663,0.672011388801168,0.509357934361911
X10.35,0.657345032480212,0.868058394118808,3.40065146579805
X10.35.1,0.696415551303975,0.886616585922315,0.981510498276402
X10.35.2,0.653067761123025,0.868058394118808,0.956839106459462
X10.35.3,0.743365138254504,0.904022227576474,1.42824858757062
X10.35.4,0.214692141448826,0.561853902089481,0.234266230998721
X10.35.5,0.634622554865698,0.868058394118808,0.993302670862584
X10.35.6,0.796053473482104,0.922479193362169,1.28605482717521
X10.35.7,0.142198084850123,0.480331442855323,0.852561669829222
X10.35.8,0.403127222535457,0.721606109361805,1
X10.35.9,0.0114204230574859,0.347802034570957,0.273253874914427
X10.35.10,0.765556615331404,0.910420229005993,0.895129806753855
X10.36,0.107344057851516,0.435958650047903,0.899700598802395
X10.36.1,0.441917614562902,0.748870609838121,0.961628817541112
X10.36.2,0.349673317780276,0.673531826865363,0.976987982613142
X10.36.3,0.93221685338481,0.976446120151243,1.11164456864261
X10.36.4,0.113518291939874,0.444269315273779,12.3338156096777
X10.37,0.954062422908761,0.984949335880627,0.889326556543838
X10.37.1,0.649586663517199,0.868058394118808,2.09579248366013
X10.37.2,0.497320108976524,0.785634358368787,0.891859393162051
X10.37.3,0.446568408115908,0.748870609838121,1.00131973605279
X10.37.4,0.162776767473429,0.509172839514691,0.00017068554028475
X10.38,0.16034343790049,0.509172839514691,0.732321214542549
X10.38.1,0.548302653447409,0.806989033535417,0.604986699129808
X10.39,0.0421439128385577,0.378884353424953,0.69847972972973
X10.39.1,0.498570874635334,0.785634358368787,0.571691184876601
X10.39.2,0.0780918873182441,0.409360697780074,0.732483308828846
X10.40,0.0567939609462092,0.389291859566922,0.75097192224622
X10.40.1,0.0106885664785368,0.347802034570957,0.229402569674787
X10.40.2,0.076490099968287,0.409360697780074,0.754777534646244
X10.41.1,0.897109864759844,0.964309105565824,0.955314009661836
X10.41.2,0.033604912889664,0.376511759881422,0.799765218849572
X10.41.3,0.308686955714856,0.645089122086909,1.21741654571843
X10.41.4,0.862874818093376,0.957413664892038,0.818237831176833
X10.41.5,0.260947260479557,0.612808957255955,1.09358914365934
X10.41.6,0.834665127247609,0.945587729684462,2
X10.41.7,0.139176262206988,0.480331442855323,0.759256179824022
X10.41.8,0.540149901885151,0.804313931081589,2
X10.41.9,0.0881899753424402,0.409360697780074,0.752689253041118
X10.41.10,0.890504166143847,0.964309105565824,0.983338725331608
X10.41.11,0.724889604195882,0.902072616244026,0.848469653430021
X10.41.12,0.0366287133106401,0.376511759881422,0.212219169225796
X10.42.1,0.672610227514269,0.869545654489168,0.871630066059632
X10.42.2,0.134439762996164,0.479105196012428,0.796551724137931
X10.42.3,0.917506279507547,0.970054653431727,1.08637747336377
X10.42.4,0.3746749623815,0.693477908343001,0.819605861546236
X10.42.5,0.166932912386046,0.515158557578443,0.653747761575851
X10.42.6,0.0991567908351185,0.430953518302257,2
X10.42.7,0.714698767152527,0.897019881222049,1.11549632667008
X10.42.8,0.417548049598517,0.733691572865965,0.756538410877106
X10.42.9,0.128411139868,0.474564820182398,0.421439432336543
X10.42.10,0.401019139694586,0.721606109361805,8.22711323763955
X10.42.11,0.211299471861218,0.561193603585597,1.33485714285714
X10.42.12,0.666579561017089,0.869545654489168,0.883996355906468
X10.42.13,0.0753694499283693,0.409360697780074,0.139979859013092
X10.42.14,0.963042436657943,0.987368350376815,0.888598326359833
X10.42.15,0.534721800833395,0.804313931081589,0.802963776070252
X10.43,0.0648407571682508,0.400409991831297,0.818802829049508
X10.43.1,0.208372935241034,0.558906844992305,0.946458923512748
X10.43.2,0.190170222452496,0.545238326744866,2.1415740978554
X10.43.3,0.073006275077048,0.409360697780074,0.177192019037159
X10.44,0.555564190945527,0.813504708170236,1.23397435897436
X10.44.1,0.041497408281175,0.378884353424953,1.1517478473204
X10.44.2,0.993428895073479,0.995001429880905,0.256313764843619
X10.44.3,0.358461401203022,0.679290749286683,1.0635723315875
X10.44.4,0.449380026372344,0.750531496747513,0.931972332281244
X10.44.5,0.915727665396131,0.970054653431727,0.971186440677966
X10.45,0.920260619258788,0.970054653431727,1.10150285300972
X10.45.1,0.416137087471832,0.733691572865965,0.5088962368131
X10.45.2,0.255529645472036,0.609448822026104,0.129579170451105
X10.45.3,0.730128546507689,0.902072616244026,1.01885310290652
X10.46.1,0.0389193340643979,0.376511759881422,1.26595326919301
X10.56.1,0.110724450579031,0.438753756489846,0.647328982354363
X10.58,0.993845795235283,0.995001429880905,0.932366456059736
X10.58.1,0.465544719586882,0.763580259076392,0.903645097485165
X10.59,0.194644372585025,0.547675832665707,0.701630049610206
X10.61,0.307423206251948,0.645089122086909,0.432674118658642
X10.65,0.792482635070885,0.921100694913746,1.10607142857143
X10.69,0.223071507385151,0.56656214707556,1.1531569664903
X10.72,0.534265964724844,0.804313931081589,0.858658346333854
X10.74.1,0.10143897734003,0.430953518302257,0.628674378911436
X10.77,0.0224606663758578,0.376511759881422,0.307851996580779
X10.77.1,0.0471938073127179,0.381756263235724,0.733967649857279
X10.77.2,0.657140739862962,0.868058394118808,3.64011097899326
X10.77.3,0.578084548951225,0.835118786320478,2.11485507246377
X10.77.4,0.0811841885576303,0.409360697780074,0.533168128097598
X10.77.5,0.64581298862207,0.868058394118808,1.322
X10.78.2,0.378898799329089,0.696222091271735,5.61673306772908
X10.78.3,0.0386428128481838,0.376511759881422,0.525795101055602
X10.78.4,0.0160428246399518,0.37332086527023,0.782608695652174
X10.78.5,0.111987055728383,0.440277876630766,0.896033969532481
X10.78.6,0.00837242268646982,0.347802034570957,1
X10.78.7,0.028293736354742,0.376511759881422,0.284297520661157
X10.78.8,0.295950378240624,0.645089122086909,2.8345418589321
X10.78.9,0.42655328584365,0.741944200225016,0.5
X10.78.10,0.814219983755961,0.932238571826971,4.46354166666667
X10.78.11,0.0121185377899288,0.347802034570957,0.628269484808454
X10.78.12,0.00586246829316879,0.327779441396848,0.72818939061815
X10.78.13,0.368042166448124,0.686876378171741,3.79366341131047
X10.78.14,0.643003421870153,0.868058394118808,0.816751981505945
X10.78.15,0.527619236372179,0.803714159705095,0.860003760812336
X10.78.16,0.00275675624781663,0.286205057136108,0.604933201927289
X10.79.1,0.106996400456143,0.435958650047903,0.87073986863304
X10.79.2,0.389008606909847,0.709611039299531,0.197179487179487
X10.79.3,0.0452259913905199,0.381756263235724,0.473393982058086
X10.79.4,0.227739863665899,0.571673535324604,0.933734939759036
X10.79.5,0.588331725212818,0.840055746945666,1
X10.79.6,0.174905474934708,0.524716424804125,0.0799398929498404
X10.79.7,0.752408997269964,0.904022227576474,0.499289166903611
X10.79.8,0.787794896343858,0.921100694913746,0.885819521178637
X10.79.9,0.10331339236785,0.431809858391838,0.840163573228985
X10.79.10,0.746585013278592,0.904022227576474,0.809097127222982
X10.79.11,0.0431516375057799,0.378884353424953,0.854789852328663
X10.79.12,0.0357411162322505,0.376511759881422,0.785346871226014
X10.79.13,0.0524734701513425,0.389291859566922,0.886020784445189
X10.79.14,0.333848797395305,0.666888354476909,0.883561643835616
X10.80,0.414182645863683,0.733691572865965,1.14866923559459
X10.80.1,0.985585591514094,0.995001429880905,1.04266235591791
X10.80.2,0.0612207204606087,0.400409991831297,0.880052890064224
X10.80.3,0.667970611485744,0.869545654489168,0.923792428198433
X10.81,0.808222055926552,0.927838920203681,0.638577502899111
X10.81.1,0.920214023981606,0.970054653431727,1
X10.81.2,0.486924183139448,0.78135567072459,1.16130746744619
X10.81.3,0.64859429805438,0.868058394118808,0.700575994054255
X10.81.4,0.0883247818575426,0.409360697780074,0.956157847393328
X10.82,0.861085384602285,0.957413664892038,1.04126351735913
X10.82.1,0.0361207900488293,0.376511759881422,0.488315046536135
X10.82.2,0.792378418214201,0.921100694913746,1.12831241283124
X10.82.3,0.110281831272104,0.438753756489846,1.20680406549972
X10.82.4,0.0345857577449155,0.376511759881422,1.7329311763093
X10.82.5,0.273938394478073,0.622663321974599,0.949690688679905
X10.82.6,0.308968853143683,0.645089122086909,0.308584285219799
X10.82.7,0.142258441263772,0.480331442855323,1.14434515498464
X10.82.8,0.748365928639672,0.904022227576474,1.08146639511202
X10.83,0.225909705042452,0.56873759076477,0.916924747833194
X10.83.1,0.1087477669399,0.438753756489846,1.04758956214065
X10.83.2,0.440951383908727,0.748870609838121,0.912609760468311
X10.83.3,0.314301176913522,0.64585516306096,0.1797229791099
X10.83.4,0.700658076249671,0.889633486357253,1.00177338653493
X10.83.5,0.313101548467394,0.64585516306096,0.925224708357239
X10.83.6,0.71380940465806,0.897019881222049,0.976406979601868
X10.87.1,0.705427925366852,0.893196240795382,1.11935028248588
X10.97,0.80765797678666,0.927838920203681,0.969774471053243
X11.16.1,0.11573322072305,0.450888249061295,0.599265830529214
X11.16.2,0.109200152002041,0.438753756489846,0.58716577540107
X11.17.1,0.38168514361893,0.699214699267869,0.756974581525109
X11.17.2,0.0149637640115049,0.37332086527023,0.592400690846287
X11.17.3,0.186597006742043,0.544760676759805,0.249142937102078
X11.30,0.865612519303584,0.957418668258033,0.829519450800915
X12.32,0.0828007842970436,0.409360697780074,1
X12.42,0.902218403530676,0.967261223851453,1
X2.01,0.178050273946576,0.5290878489371,0.852160815664465
X1.46,0.105900675554093,0.435958650047903,0.914483507533596
X4.79.5,0.102883736117523,0.431809858391838,0.965721572157216
X5.46.2,0.015998834274516,0.37332086527023,0.853530838973311
X4.81.11,0.730024687341432,0.902072616244026,1.14145251396648
X4.81.12,0.93773753696128,0.977590359783192,0.948966158135213
X4.70.2,0.850473562382152,0.954762508624877,0.855368026254102
X5.34.4,0.0718221407897032,0.409360697780074,0.711642520509688
X4.65,0.173911334640821,0.524716424804125,0.87542928504527
X5.02.2,0.850525951353404,0.954762508624877,1.1535485297369
X5.12,0.904192208332175,0.967261223851453,0.756773304760447
X4.68.1,0.0547847964032505,0.389291859566922,0.778609946075494
X4.78.6,0.773265348161563,0.913280472931557,0.908803611738149
X4.82.4,0.0254178196763454,0.376511759881422,0.87124824684432
X5.92,0.00675596424558522,0.327779441396848,0.842719352831363
X5.61,0.253424962434214,0.606108035155162,0.855539663329299
X4.98.3,0.289298550516584,0.641974360811286,0.886959603118356
X4.98.4,0.586923443152612,0.839437017532223,0.963465703971119
X4.80.6,0.14468679374777,0.482850114018719,0.223698336017177
X10.30.5,0.00556248671288267,0.327779441396848,0.582921074663216
X9.29,0.423060456344773,0.737875655371069,0.491406029867568
X9.25,0.0378578577700679,0.376511759881422,1.59402869329197
X10.10.6,0.0659083563227723,0.400409991831297,0.518598217030433
X10.09.2,0.365869529543363,0.686304280908138,0.9044357469015
X10.47,0.308453710483844,0.645089122086909,1.16717261593217
X10.59.1,0.24364103165037,0.590915290847798,0.629708531035151
X10.43.4,0.641016313167964,0.868058394118808,0.925339366515837
X9.94.3,0.416297517371575,0.733691572865965,1.08697850821745
